TDSFU Daily run: Mon Oct 27 06:04:41 UTC 2025 TDSFU
TDSFU Daily run: Tue Oct 28 04:34:19 UTC 2025 TDSFU
TDSFU Daily run: Wed Oct 29 04:39:30 UTC 2025 TDSFU
TDSFU Daily run: Thu Oct 30 04:34:10 UTC 2025 TDSFU
TDSFU Daily run: Fri Oct 31 04:35:59 UTC 2025 TDSFU
TDSFU Daily run: Sat Nov  1 04:32:02 UTC 2025 TDSFU
TDSFU Daily run: Sun Nov  2 04:34:37 UTC 2025 TDSFU
TDSFU Daily run: Mon Nov  3 04:40:26 UTC 2025 TDSFU
TDSFU Daily run: Tue Nov  4 04:34:26 UTC 2025 TDSFU
TDSFU Daily run: Wed Nov  5 04:35:17 UTC 2025 TDSFU
